name,stars
freeCodeCamp/freeCodeCamp,430709
codecrafters-io/build-your-own-x,429241
sindresorhus/awesome,409158
EbookFoundation/free-programming-books,374821
public-apis/public-apis,371966
kamranahmedse/developer-roadmap,341875
jwasham/coding-interview-university,331780
donnemartin/system-design-primer,323793
996icu/996.ICU,274679
vinta/awesome-python,266064
awesome-selfhosted/awesome-selfhosted,254461
practical-tutorials/project-based-learning,247681
facebook/react,240023
TheAlgorithms/Python,211940
vuejs/vue,209617
torvalds/linux,205605
ossu/computer-science,195907
trekhleb/javascript-algorithms,193634
tensorflow/tensorflow,192180
trimstray/the-book-of-secret-knowledge,190993
getify/You-Dont-Know-JS,183615
CyC2018/CS-Notes,182619
ohmyzsh/ohmyzsh,182242
Significant-Gravitas/AutoGPT,179226
microsoft/vscode,177854
jackfrued/Python-100-Days,173672
twbs/bootstrap,173587
flutter/flutter,173503
github/gitignore,170257
jlevy/the-art-of-command-line,158572
AUTOMATIC1111/stable-diffusion-webui,157508
avelino/awesome-go,155595
ollama/ollama,154670
massgravel/Microsoft-Activation-Scripts,153591
Snailclimb/JavaGuide,152278
huggingface/transformers,151555
n8n-io/n8n,151432
airbnb/javascript,147675
ytdl-org/youtube-dl,138509
f/awesome-chatgpt-prompts,135688
vercel/next.js,135244
langflow-ai/langflow,133999
yt-dlp/yt-dlp,132118
521xueweihan/HelloGitHub,131976
yangshun/tech-interview-handbook,131354
golang/go,130502
Genymobile/scrcpy,130133
labuladong/fucking-algorithm,129634
Chalarangelo/30-seconds-of-code,125611
microsoft/PowerToys,125134
facebook/react-native,124291
electron/electron,118808
kubernetes/kubernetes,118189
krahets/hello-algo,118031
langchain-ai/langchain,117967
langgenius/dify,117211
justjavac/free-programming-books-zh_CN,115521
ripienaar/free-for-dev,114013
nodejs/node,113933
open-webui/open-webui,113291
d3/d3,111672
DigitalPlatDev/FreeDomain,109830
excalidraw/excalidraw,109118
mrdoob/three.js,109103
axios/axios,107995
rust-lang/rust,107406
microsoft/TypeScript,106502
denoland/deno,104881
goldbergyoni/nodebestpractices,104428
facebook/create-react-app,103809
GrowingGit/GitHub-Chinese-Top-Charts,103307
godotengine/godot,102535
rustdesk/rustdesk,101343
microsoft/generative-ai-for-beginners,100842
microsoft/terminal,100715
fatedier/frp,99932
deepseek-ai/DeepSeek-V3,99922
Hack-with-Github/Awesome-Hacking,99559
papers-we-love/papers-we-love,99525
angular/angular,99150
shadcn-ui/ui,98329
tauri-apps/tauri,98130
iptv-org/iptv,97978
mui/material-ui,96856
ant-design/ant-design,96443
Anduin2017/HowToCook,95334
nvbn/thefuck,94457
pytorch/pytorch,94217
ryanmcdermott/clean-code-javascript,93952
mtdvio/every-programmer-should-know,93759
neovim/neovim,93685
iluwatar/java-design-patterns,93187
x1xhlol/system-prompts-and-models-of-ai-tools,93013
puppeteer/puppeteer,92710
microsoft/Web-Dev-For-Beginners,92441
comfyanonymous/ComfyUI,91866
jaywcjlove/awesome-mac,91421
deepseek-ai/DeepSeek-R1,91361
fastapi/fastapi,91104
tailwindlabs/tailwindcss,90755
supabase/supabase,90587
PanJiaChen/vue-element-admin,90026
openai/whisper,89891
2dust/v2rayN,88587
nvm-sh/nvm,88528
ggml-org/llama.cpp,88272
storybookjs/storybook,88226
florinpop17/app-ideas,87271
gin-gonic/gin,86666
bitcoin/bitcoin,86389
ChatGPTNextWeb/NextChat,86199
django/django,85535
opencv/opencv,84599
sveltejs/svelte,84477
gohugoio/hugo,84335
mermaid-js/mermaid,83688
laravel/laravel,82521
gothinkster/realworld,82459
animate-css/animate.css,82382
home-assistant/core,82137
immich-app/immich,82077
microsoft/markitdown,82065
macrozheng/mall,81929
oven-sh/bun,81723
3b1b/manim,81416
tonsky/FiraCode,80376
google-gemini/gemini-cli,80286
bregman-arie/devops-exercises,79496
clash-verge-rev/clash-verge-rev,79214
MunGell/awesome-for-beginners,78971
spring-projects/spring-boot,78779
microsoft/playwright,78578
doocs/advanced-java,78412
microsoft/ML-For-Beginners,78281
DopplerHQ/awesome-interview-questions,77944
ruanyf/weekly,77697
tensorflow/models,77665
ByteByteGoHq/system-design-101,77549
louislam/uptime-kuma,77111
syncthing/syncthing,77048
nomic-ai/gpt4all,76830
fighting41love/funNLP,76782
anuraghazra/github-readme-stats,76632
MisterBooo/LeetCodeAnimation,76493
netdata/netdata,76471
vitejs/vite,76133
rasbt/LLMs-from-scratch,76111
FortAwesome/Font-Awesome,75751
hoppscotch/hoppscotch,75579
typicode/json-server,75233
elastic/elasticsearch,75174
junegunn/fzf,74659
unionlabs/union,74530
coder/code-server,74390
sdmg15/Best-websites-a-programmer-should-visit,74340
hacksider/Deep-Live-Cam,74159
punkpeye/awesome-mcp-servers,73529
d2l-ai/d2l-zh,73389
vuejs/awesome-vue,73333
nestjs/nest,73170
Shubhamsaboo/awesome-llm-apps,72740
browser-use/browser-use,71723
CompVis/stable-diffusion,71663
thedaviddias/Front-End-Checklist,71562
ventoy/Ventoy,71418
redis/redis,71406
modelcontextprotocol/servers,71179
swisskyrepo/PayloadsAllTheThings,71116
abi/screenshot-to-code,71019
moby/moby,70953
astral-sh/uv,70862
pallets/flask,70642
grafana/grafana,70489
tesseract-ocr/tesseract,70480
enaqx/awesome-react,70475
josephmisiti/awesome-machine-learning,70343
strapi/strapi,70123
Developer-Y/cs-video-courses,70096
Alvin9999/new-pac,69950
sherlock-project/sherlock,69778
awesomedata/awesome-public-datasets,69735
hakimel/reveal.js,69725
python/cpython,69505
binary-husky/gpt_academic,69401
protocolbuffers/protobuf,69360
localsend/localsend,69350
swiftlang/swift,69194
Stirling-Tools/Stirling-PDF,69096
ocornut/imgui,68927
openai/openai-cookbook,68843
base/node,68634
apache/superset,68622
zed-industries/zed,68291
PKUFlyingPig/cs-self-learning,68214
expressjs/express,68060
obsproject/obs-studio,67638
twitter/the-algorithm,67619
caddyserver/caddy,67488
fffaraz/awesome-cpp,67269
lobehub/lobe-chat,67133
Eugeny/tabby,66831
ansible/ansible,66803
chartjs/Chart.js,66688
jesseduffield/lazygit,66598
nektos/act,66546
infiniflow/ragflow,66515
danielmiessler/SecLists,66481
binhnguyennus/awesome-scalability,66297
AppFlowy-IO/AppFlowy,66120
mlabonne/llm-course,65912
leonardomso/33-js-concepts,65826
webpack/webpack,65707
xtekky/gpt4free,65439
dair-ai/Prompt-Engineering-Guide,65291
lydiahallie/javascript-questions,65039
juliangarnier/anime,65014
apache/echarts,64862
firecrawl/firecrawl,64604
kdn251/interviews,64541
OpenHands/OpenHands,64428
kelseyhightower/nocode,64155
TheAlgorithms/Java,64034
prakhar1989/awesome-courses,63894
labmlai/annotated_deep_learning_paper_implementations,63815
scikit-learn/scikit-learn,63789
chrislgarry/Apollo-11,63735
keras-team/keras,63505
bradtraversy/design-resources-for-developers,63454
sindresorhus/awesome-nodejs,63265
resume/resume.github.com,62671
socketio/socket.io,62520
facebook/docusaurus,62320
FuelLabs/sway,62136
NationalSecurityAgency/ghidra,61539
reduxjs/redux,61365
lodash/lodash,61298
PaddlePaddle/PaddleOCR,60976
localstack/localstack,60941
vllm-project/vllm,60936
prometheus/prometheus,60923
atom/atom,60814
alacritty/alacritty,60762
hiyouga/LLaMA-Factory,60726
openinterpreter/open-interpreter,60698
h5bp/Front-end-Developer-Interview-Questions,60655
xingshaocheng/architect-awesome,60499
rust-lang/rustlings,60379
ryanoasis/nerd-fonts,60159
adam-p/markdown-here,60048
tldr-pages/tldr,59815
jquery/jquery,59620
gorhill/uBlock,59289
shadowsocks/shadowsocks-windows,59093
FoundationAgents/MetaGPT,59071
spring-projects/spring-framework,59050
angular/angular.js,58948
meta-llama/llama,58875
youngyangyang04/leetcode-master,58830
scrapy/scrapy,58735
CorentinJ/Real-Time-Voice-Cloning,58646
nuxt/nuxt,58583
commaai/openpilot,58541
nocodb/nocodb,58382
rails/rails,57764
Solido/awesome-flutter,57670
FuelLabs/fuel-core,57497
jgraph/drawio-desktop,57467
traefik/traefik,57293
h5bp/html5-boilerplate,57211
minio/minio,57091
git/git,56945
FiloSottile/mkcert,56935
BurntSushi/ripgrep,56735
scutan90/DeepLearning-500-questions,56732
zylon-ai/private-gpt,56673
PlexPt/awesome-chatgpt-prompts-zh,56641
topjohnwu/Magisk,56536
soimort/you-get,56510
toeverything/AFFiNE,56243
gatsbyjs/gatsby,55940
ultralytics/yolov5,55788
remix-run/react-router,55786
azl397985856/leetcode,55673
ageitgey/face_recognition,55624
sharkdp/bat,55479
pmndrs/zustand,55309
unclecode/crawl4ai,54975
AntonOsika/gpt-engineer,54962
deepfakes/faceswap,54626
ElemeFE/element,54245
golang-standards/project-layout,54214
lencx/ChatGPT,54200
wasabeef/awesome-android-ui,54199
Textualize/rich,54172
FFmpeg/FFmpeg,54099
meilisearch/meilisearch,54086
withastro/astro,54035
TapXWorld/ChinaTextbook,54023
pi-hole/pi-hole,53888
Z4nzu/hackingtool,53847
OpenBB-finance/OpenBB,53831
necolas/normalize.css,53610
psf/requests,53406
rust-unofficial/awesome-rust,53350
maybe-finance/maybe,53328
appwrite/appwrite,53208
rclone/rclone,53122
tiimgreen/github-cheat-sheet,53096
google/material-design-icons,52416
wagoodman/dive,52357
facebookresearch/segment-anything,52219
ionic-team/ionic-framework,52126
mozilla/pdf.js,52121
marktext/marktext,52049
pocketbase/pocketbase,52012
vuejs/core,51952
laurent22/joplin,51855
starship/starship,51840
RVC-Boss/GPT-SoVITS,51790
ngosang/trackerslist,51676
sickcodes/Docker-OSX,51623
cline/cline,51618
Asabeneh/30-Days-Of-Python,51541
JetBrains/kotlin,51486
romkatv/powerlevel10k,51370
go-gitea/gitea,51324
google/guava,51220
Semantic-Org/Semantic-UI,51180
prettier/prettier,51105
microsoft/autogen,51072
TryGhost/Ghost,51028
firstcontributions/first-contributions,50988
LadybirdBrowser/ladybird,50984
jekyll/jekyll,50982
WerWolv/ImHex,50823
etcd-io/etcd,50620
DefinitelyTyped/DefinitelyTyped,50541
xai-org/grok-1,50540
FoundationAgents/OpenManus,50460
PowerShell/PowerShell,50451
Mintplex-Labs/anything-llm,50351
chinese-poetry/chinese-poetry,50244
vsouza/awesome-ios,50195
ethereum/go-ethereum,50114
dani-garcia/vaultwarden,50103
poteto/hiring-without-whiteboards,50096
jgthms/bulma,49979
charlax/professional-programming,49605
agalwood/Motrix,49563
cypress-io/cypress,49379
justjavac/awesome-wechat-weapp,49379
mastodon/mastodon,49155
pathwaycom/pathway,48903
NARKOZ/hacker-scripts,48874
openai/codex,48757
Avik-Jain/100-Days-Of-ML-Code,48549
AlistGo/alist,48448
ReactiveX/RxJava,48419
iamkun/dayjs,48321
moment/moment,48083
dockur/windows,47912
algorithm-visualizer/algorithm-visualizer,47906
JuliaLang/julia,47882
ultralytics/ultralytics,47813
karpathy/nanoGPT,47777
huginn/huginn,47768
nlohmann/json,47624
minimaxir/big-list-of-naughty-strings,47463
opendatalab/MinerU,47400
unslothai/unsloth,47365
typst/typst,47188
gogs/gogs,47112
TanStack/query,47109
jesseduffield/lazydocker,47105
harry0703/MoneyPrinterTurbo,47105
x64dbg/x64dbg,47097
dkhamsing/open-source-ios-apps,47078
kamranahmedse/design-patterns-for-humans,46988
karan/Projects,46970
hashicorp/terraform,46949
pandas-dev/pandas,46920
serverless/serverless,46886
lllyasviel/Fooocus,46866
odoo/odoo,46829
type-challenges/type-challenges,46810
lyswhut/lx-music-desktop,46795
typescript-cheatsheets/react,46728
square/okhttp,46702
coollabsio/coolify,46621
v2ray/v2ray-core,46592
slab/quill,46344
bigskysoftware/htmx,46312
termux/termux-app,46223
kelseyhightower/kubernetes-the-hard-way,46164
ziishaned/learn-regex,46124
2dust/v2rayNG,46104
FlowiseAI/Flowise,46017
serhii-londar/open-source-mac-os-apps,45981
pathwaycom/llm-app,45973
pixijs/pixijs,45931
dbeaver/dbeaver,45917
skylot/jadx,45898
brillout/awesome-react-components,45875
jakevdp/PythonDataScienceHandbook,45863
Asabeneh/30-Days-Of-JavaScript,45486
akullpp/awesome-java,45417
android/architecture-samples,45359
discourse/discourse,45348
oobabooga/text-generation-webui,45222
usememos/memos,45222
Homebrew/brew,45185
dypsilon/frontend-dev-bookmarks,45170
jestjs/jest,45115
ColorlibHQ/AdminLTE,45094
jellyfin/jellyfin,44977
run-llama/llama_index,44879
1c7/chinese-independent-developer,44800
google/zx,44750
meteor/meteor,44744
LeCoupa/awesome-cheatsheets,44594
DovAmir/awesome-design-patterns,44504
vercel/hyper,44447
microsoft/monaco-editor,44406
expo/expo,44339
isocpp/CppCoreGuidelines,44330
acmesh-official/acme.sh,44316
metabase/metabase,44266
jeecgboot/JeecgBoot,44137
prisma/prisma,44136
react-hook-form/react-hook-form,44046
ggml-org/whisper.cpp,44023
astaxie/build-web-application-with-golang,44017
parcel-bundler/parcel,43996
freqtrade/freqtrade,43938
grpc/grpc,43856
Leaflet/Leaflet,43820
square/retrofit,43776
aymericdamien/TensorFlow-Examples,43763
babel/babel,43755
GokuMohandas/Made-With-ML,43744
RocketChat/Rocket.Chat,43706
streamich/react-use,43680
yangshun/front-end-interview-handbook,43628
FuelLabs/fuels-rs,43577
ClickHouse/ClickHouse,43562
FuelLabs/fuels-ts,43559
tldraw/tldraw,43541
GitSquared/edex-ui,43501
pyenv/pyenv,43466
coreybutler/nvm-windows,43348
microsoft/AI-For-Beginners,43337
sudheerj/reactjs-interview-questions,43299
astral-sh/ruff,43287
microsoft/ai-agents-for-beginners,43204
NaiboWang/EasySpider,43160
coqui-ai/TTS,43119
tw93/Pake,43081
apache/airflow,42915
bevyengine/bevy,42829
OpenCut-app/OpenCut,42700
Unitech/pm2,42628
GitHubDaily/GitHubDaily,42622
k88hudson/git-flight-rules,42443
alex/what-happens-when,42405
iina/iina,42326
faif/python-patterns,42311
Light-City/CPlusPlusThings,42291
getsentry/sentry,42284
AykutSarac/jsoncrack.com,42253
spf13/cobra,42230
Alamofire/Alamofire,42182
docling-project/docling,42163
apache/spark,42157
KRTirtho/spotube,42085
virattt/ai-hedge-fund,42051
SimplifyJobs/Summer2026-Internships,42040
Kong/kong,42033
docker/awesome-compose,42007
streamlit/streamlit,41921
Stability-AI/stablediffusion,41895
ChrisTitusTech/winutil,41774
ziglang/zig,41770
mem0ai/mem0,41684
mingrammer/diagrams,41653
apachecn/ailearning,41611
github/spec-kit,41586
yarnpkg/yarn,41546
apache/dubbo,41531
nolimits4web/swiper,41507
zhongyang219/TrafficMonitor,41462
nwjs/nw.js,41396
hpcaitech/ColossalAI,41206
dcloudio/uni-app,41186
bailicangdu/vue2-elm,41172
zai-org/ChatGLM-6B,41145
cli/cli,41141
psf/black,41081
gedoor/legado,41063
styled-components/styled-components,40968
mitmproxy/mitmproxy,40948
hexojs/hexo,40942
penpot/penpot,40893
slidevjs/slidev,40807
vuetifyjs/vuetify,40771
bannedbook/fanqiang,40738
upscayl/upscayl,40713
helix-editor/helix,40627
fastlane/fastlane,40603
dylanaraps/pure-bash-bible,40559
lukasz-madon/awesome-remote-job,40534
deepspeedai/DeepSpeed,40494
colinhacks/zod,40456
chubin/cheat.sh,40350
gradio-app/gradio,40309
tabler/tabler,40237
anthropics/claude-code,40220
sharkdp/fd,40206
LC044/WeChatMsg,40080
bradtraversy/50projects50days,39961
files-community/Files,39894
chakra-ui/chakra-ui,39869
byoungd/English-level-up-tips,39774
jgm/pandoc,39766
QSCTech/zju-icicles,39671
wg/wrk,39647
curl/curl,39641
crewAIInc/crewAI,39606
google-research/bert,39596
php/php-src,39553
makeplane/plane,39527
zhayujie/chatgpt-on-wechat,39484
ray-project/ray,39482
DIYgod/RSSHub,39452
ccxt/ccxt,39413
remoteintech/remote-jobs,39395
evanw/esbuild,39383
tmux/tmux,39358
floodsung/Deep-Learning-Papers-Reading-Roadmap,39345
cloudcommunity/Free-Certifications,39254
pingcap/tidb,39210
videojs/video.js,39199
lm-sys/FastChat,39183
vim/vim,39156
Dogfalo/materialize,39129
saadeghi/daisyui,39125
hiroi-sora/Umi-OCR,39075
logseq/logseq,39062
go-gorm/gorm,39027
aria2/aria2,39023
trpc/trpc,38749
suno-ai/bark,38632
photoprism/photoprism,38625
siyuan-note/siyuan,38623
google/styleguide,38621
fastapi/full-stack-fastapi-template,38552
QuivrHQ/quivr,38543
calcom/cal.com,38538
phaserjs/phaser,38533
freefq/free,38404
impress/impress.js,38378
payloadcms/payload,38347
DataExpert-io/data-engineer-handbook,38341
menloresearch/jan,38326
karanpratapsingh/system-design,38324
koalaman/shellcheck,38316
juspay/hyperswitch,38273
google/leveldb,38263
goabstract/Awesome-Design-Tools,38257
appsmithorg/appsmith,38256
gofiber/fiber,38229
NanmiCoder/MediaCrawler,38219
PhilJay/MPAndroidChart,38134
preactjs/preact,38100
milvus-io/milvus,38075
Aider-AI/aider,38069
novuhq/novu,38044
2noise/ChatTTS,38023
usebruno/bruno,37987
gto76/python-cheatsheet,37882
zbezj/HEU_KMS_Activator,37704
freeCodeCamp/devdocs,37679
Zie619/n8n-workflows,37667
facebookresearch/faiss,37622
ant-design/ant-design-pro,37588
istio/istio,37553
FreeCodeCampChina/freecodecamp.cn,37537
lapce/lapce,37484
LAION-AI/Open-Assistant,37482
Kong/insomnia,37410
naptha/tesseract.js,37398
ghostty-org/ghostty,37359
google/googletest,37352
denysdovhan/wtfjs,37348
dotnet/aspnetcore,37305
eugenp/tutorials,37287
zen-browser/desktop,37282
TencentARC/GFPGAN,37168
halo-dev/halo,37145
chatboxai/chatbox,37032
huihut/interview,37029
NervJS/taro,37029
0voice/interview_internal_reference,37025
inkonchain/docs,36982
nushell/nushell,36954
imputnet/cobalt,36950
inkonchain/node,36944
HeyPuter/puter,36905
vlang/v,36902
httpie/cli,36859
inkonchain/ink-kit,36852
exacity/deeplearningbook-chinese,36838
alibaba/arthas,36794
ToolJet/ToolJet,36793
rapid7/metasploit-framework,36785
satwikkansal/wtfpython,36751
openai/gym,36713
babysor/MockingBird,36710
AobingJava/JavaFamily,36684
google-research/google-research,36595
yeongpin/cursor-free-vip,36568
mindsdb/mindsdb,36525
open-guides/og-aws,36413
twentyhq/twenty,36353
docker/compose,36351
chatchat-space/Langchain-Chatchat,36333
shadowsocks/shadowsocks-android,36325
date-fns/date-fns,36218
kilimchoi/engineering-blogs,36091
opentofu/manifesto,36037
lerna/lerna,36036
mudler/LocalAI,36002
charmbracelet/bubbletea,35993
SheetJS/sheetjs,35991
XingangPan/DragGAN,35986
formulahendry/955.WLB,35972
PKUanonym/REKCARC-TSC-UHT,35929
markedjs/marked,35923
typeorm/typeorm,35921
geekxh/hello-algorithm,35838
pola-rs/polars,35827
hankcs/HanLP,35772
carbon-app/carbon,35764
roboflow/supervision,35677
koajs/koa,35671
alebcay/awesome-shell,35619
sqlmapproject/sqlmap,35587
outline/outline,35566
huggingface/pytorch-image-models,35551
airbnb/lottie-android,35502
spacedriveapp/spacedrive,35489
alvarotrigo/fullPage.js,35481
fengdu78/Coursera-ML-AndrewNg-Notes,35476
jondot/awesome-react-native,35442
TeamNewPipe/NewPipe,35433
RSSNext/Folo,35329
junegunn/vim-plug,35323
nativefier/nativefier,35317
karpathy/LLM101n,35261
ManimCommunity/manim,35208
myshell-ai/OpenVoice,35148
sahat/hackathon-starter,35131
reworkd/AgentGPT,35118
doocs/leetcode,35093
unknwon/the-way-to-go_ZH_CN,35062
llvm/llvm-project,35049
huiyadanli/RevokeMsgPatcher,34976
bumptech/glide,34974
portainer/portainer,34897
upstash/context7,34890
fastify/fastify,34864
PatrickJS/awesome-cursorrules,34819
jaywcjlove/linux-command,34701
BVLC/caffe,34700
sorrycc/awesome-javascript,34668
CherryHQ/cherry-studio,34608
agno-agi/agno,34565
netty/netty,34526
fxsjy/jieba,34480
geekan/HowToLiveLonger,34470
solidjs/solid,34456
exelban/stats,34367
nodejs/node-v0.x-archive,34366
chenfei-wu/TaskMatrix,34360
typicode/husky,34331
jaredpalmer/formik,34326
anoma/anoma,34300
xitu/gold-miner,34273
veggiemonk/awesome-docker,34251
mattermost/mattermost,34239
aseprite/aseprite,34213
geekcomputers/Python,34206
deepseek-ai/awesome-deepseek-integration,34204
laravel/framework,34202
zenorocha/clipboard.js,34179
ShareX/ShareX,34168
testerSunshine/12306,34119
mifi/lossless-cut,34098
atlassian/react-beautiful-dnd,34054
zsh-users/zsh-autosuggestions,34045
drawdb-io/drawdb,33998
danielmiessler/Fabric,33991
python-poetry/poetry,33984
xkcoding/spring-boot-demo,33961
TheAlgorithms/JavaScript,33842
jax-ml/jax,33792
ryanhanwu/How-To-Ask-Questions-The-Smart-Way,33766
YunaiV/ruoyi-vue-pro,33725
halfrost/LeetCode-Go,33720
duckdb/duckdb,33680
alibaba/easyexcel,33679
AFNetworking/AFNetworking,33667
Blankj/AndroidUtilCode,33661
zxing/zxing,33646
shadowsocks/shadowsocks,33643
CorentinTh/it-tools,33631
qbittorrent/qBittorrent,33602
facebookresearch/detectron2,33552
ehang-io/nps,33543
Pythagora-io/gpt-pilot,33527
harness/harness,33520
SeleniumHQ/selenium,33515
AmruthPillai/Reactive-Resume,33464
carbon-language/carbon-lang,33402
hashicorp/vault,33344
XX-net/XX-Net,33342
CMU-Perceptual-Computing-Lab/openpose,33333
paperless-ngx/paperless-ngx,33320
qishibo/AnotherRedisDesktopManager,33302
xyflow/xyflow,33294
pbatard/rufus,33286
alan2207/bulletproof-react,33276
TheAlgorithms/C-Plus-Plus,33203
lllyasviel/ControlNet,33202
DataTalksClub/data-engineering-zoomcamp,33197
ueberdosis/tiptap,33180
adobe/brackets,33136
chatanywhere/GPT_API_free,33131
nextcloud/server,33108
immutable-js/immutable-js,33081
directus/directus,33074
refinedev/refine,33074
servo/servo,33051
vnpy/vnpy,33051
gulpjs/gulp,33050
bilibili/ijkplayer,33022
pnpm/pnpm,32992
lib-pku/libpku,32974
bayandin/awesome-awesomeness,32951
xinntao/Real-ESRGAN,32936
gchq/CyberChef,32903
9001/copyparty,32871
jqlang/jq,32858
swc-project/swc,32844
shadowsocks/ShadowsocksX-NG,32843
explosion/spaCy,32697
pcottle/learnGitBranching,32647
mouredev/Hello-Python,32604
RVC-Project/Retrieval-based-Voice-Conversion-WebUI,32588
microsoft/qlib,32569
certbot/certbot,32547
ibraheemdev/modern-unix,32523
mckaywrigley/chatbot-ui,32522
SerenityOS/serenity,32491
vadimdemedes/ink,32426
mpv-player/mpv,32416
balena-io/etcher,32396
TriliumNext/Trilium,32361
v2fly/v2ray-core,32319
beego/beego,32307
TabbyML/tabby,32299
google/material-design-lite,32247
alibaba/nacos,32188
google/comprehensive-rust,32182
lizongying/my-tv,32173
IceWhaleTech/CasaOS,32162
The-Run-Philosophy-Organization/run,32135
exo-explore/exo,32093
binarywang/WxJava,32064
GorvGoyl/Clone-Wars,32056
yewstack/yew,32051
vercel/swr,32034
karpathy/nanochat,32028
ziadoz/awesome-php,32021
floating-ui/floating-ui,31995
zeromicro/go-zero,31984
XTLS/Xray-core,31937
juanfont/headscale,31932
Chanzhaoyu/chatgpt-web,31919
qier222/YesPlayMusic,31897
remix-run/remix,31886
facebookresearch/fairseq,31881
open-mmlab/mmdetection,31870
yunjey/pytorch-tutorial,31852
gkd-kit/gkd,31850
Trinea/android-open-project,31820
kuchin/awesome-cto,31776
hasura/graphql-engine,31768
1Panel-dev/1Panel,31747
Textualize/textual,31744
linera-io/linera-protocol,31740
shardeum/shardeum,31724
google-ai-edge/mediapipe,31722
mli/paper-reading,31720
labstack/echo,31710
filebrowser/filebrowser,31670
ZuodaoTech/everyone-can-use-english,31647
backstage/backstage,31641
lutzroeder/netron,31624
derailed/k9s,31621
niklasvh/html2canvas,31613
ocrmypdf/OCRmyPDF,31557
amix/vimrc,31536
schollz/croc,31524
0xAX/linux-insides,31519
MonitorControl/MonitorControl,31508
ReactiveX/rxjs,31504
microsoft/MS-DOS,31504
cursor/cursor,31500
jingyaogong/minimind,31487
airbnb/lottie-web,31482
awesome-foss/awesome-sysadmin,31476
hyprwm/Hyprland,31475
GyulyVGC/sniffnet,31458
cockroachdb/cockroach,31414
dokku/dokku,31403
khoj-ai/khoj,31386
huggingface/diffusers,31369
fish-shell/fish-shell,31324
DioxusLabs/dioxus,31310
lovell/sharp,31290
umami-software/umami,31279
utmapp/UTM,31275
ianstormtaylor/slate,31261
openai/CLIP,31218
linexjlin/GPTs,31166
apache/kafka,31148
microsoft/Data-Science-For-Beginners,31147
k3s-io/k3s,31116
kubernetes/minikube,31062
mqyqingfeng/Blog,31058
codex-team/editor.js,31046
coolsnowwolf/lede,31030
mathiasbynens/dotfiles,31025
danny-avila/LibreChat,31006
medusajs/medusa,30975
drizzle-team/drizzle-orm,30906
blueimp/jQuery-File-Upload,30874
donnemartin/interactive-coding-challenges,30868
facebook/rocksdb,30856
firecracker-microvm/firecracker,30842
SortableJS/Sortable,30825
alibaba/p3c,30763
influxdata/influxdb,30757
symfony/symfony,30729
ajeetdsouza/zoxide,30723
parallax/jsPDF,30713
microsoft/calculator,30671
numpy/numpy,30663
ityouknow/spring-boot-examples,30613
wailsapp/wails,30595
AdguardTeam/AdGuardHome,30585
tqdm/tqdm,30579
ascoders/weekly,30561
LizardByte/Sunshine,30560
docsifyjs/docsify,30558
iawia002/lux,30552
webtorrent/webtorrent,30549
OWASP/CheatSheetSeries,30542
keycloak/keycloak,30522
fabricjs/fabric.js,30517
alpinejs/alpine,30512
restic/restic,30493
OAI/OpenAPI-Specification,30481
AMAI-GmbH/AI-Expert-Roadmap,30428
transloadit/uppy,30407
tinygrad/tinygrad,30391
layui/layui,30388
vbenjs/vue-vben-admin,30351
Binaryify/NeteaseCloudMusicApi,30317
nicolargo/glances,30314
Lightning-AI/pytorch-lightning,30307
s0md3v/roop,30303
nothings/stb,30295
BerriAI/litellm,30279
DevToys-app/DevToys,30268
surrealdb/surrealdb,30240
joshbuchea/HEAD,30239
Raphire/Win11Debloat,30230
sequelize/sequelize,30199
tatsu-lab/stanford_alpaca,30187
microsoft/WSL,30172
VincentGarreau/particles.js,30155
chinabugotech/hutool,30141
conductor-oss/conductor,30133
motiondivision/motion,30103
tokio-rs/tokio,30033
trailofbits/algo,30011
facebook/folly,29978
iperov/DeepFaceLive,29936
herrbischoff/awesome-macos-command-line,29911
mantinedev/mantine,29908
jobbole/awesome-python-cn,29905
cheeriojs/cheerio,29862
square/leakcanary,29814
PostHog/posthog,29797
foundation/foundation-sites,29781
frappe/erpnext,29745
cfenollosa/os-tutorial,29719
pmndrs/react-three-fiber,29692
apolloconfig/apollo,29686
vuejs/vue-cli,29680
JushBJJ/Mr.-Ranedeer-AI-Tutor,29662
XIU2/TrackersListCollection,29616
encode/django-rest-framework,29599
elsewhencode/project-guidelines,29549
aosabook/500lines,29547
react-boilerplate/react-boilerplate,29538
aquasecurity/trivy,29529
ageron/handson-ml2,29518
GoogleChrome/lighthouse,29517
refined-github/refined-github,29510
AllThingsSmitty/css-protips,29509
heyverse/hey,29504
ariya/phantomjs,29492
kovidgoyal/kitty,29476
stanfordnlp/dspy,29475
xuxueli/xxl-job,29459
hashicorp/consul,29455
continuedev/continue,29453
spf13/viper,29440
alibaba/canal,29428
valinet/ExplorerPatcher,29426
IanLunn/Hover,29405
datalab-to/marker,29392
standard/standard,29373
containers/podman,29367
realpython/python-guide,29311
google-research/tuning_playbook,29293
sampotts/plyr,29267
Byaidu/PDFMathTranslate,29243
dragonflydb/dragonfly,29212
sxyazi/yazi,29179
composer/composer,29178
lukehoban/es6features,29173
kodecocodes/swift-algorithm-club,29118
StevenBlack/hosts,29103
Pierian-Data/Complete-Python-3-Bootcamp,29082
DavidHDev/react-bits,29062
meta-llama/llama3,29057
openai/openai-python,29048
grafana/k6,29042
CSSEGISandData/COVID-19,29030
AvaloniaUI/Avalonia,29023
feder-cr/Jobs_Applier_AI_Agent_AIHawk,29012
wuyouzhuguli/SpringAll,28974
sunface/rust-course,28970
sst/opencode,28967
pmndrs/react-spring,28948
VSCodium/vscodium,28946
MichaelCade/90DaysOfDevOps,28945
NginxProxyManager/nginx-proxy-manager,28943
vercel/turborepo,28935
telegramdesktop/tdesktop,28905
postcss/postcss,28892
jumpserver/jumpserver,28892
openssl/openssl,28869
raysan5/raylib,28868
tastejs/todomvc,28857
wesbos/JavaScript30,28848
eriklindernoren/ML-From-Scratch,28843
statelyai/xstate,28832
glanceapp/glance,28821
alibaba/spring-cloud-alibaba,28815
microsoft/graphrag,28813
helm/helm,28708
pear-devs/pear-desktop,28688
immerjs/immer,28672
Ebazhanov/linkedin-skill-assessments-quizzes,28647
ZuzooVn/machine-learning-for-software-engineers,28627
kenwheeler/slick,28615
donnemartin/data-science-ipython-notebooks,28607
shengxinjing/programmer-job-blacklist,28463
eugeneyan/applied-ml,28442
vuejs/vuex,28422
dnSpy/dnSpy,28402
kingToolbox/WindTerm,28391
jamiebuilds/the-super-tiny-compiler,28385
viraptor/reverse-interview,28385
codepath/android_guides,28374
GitbookIO/gitbook,28365
python-telegram-bot/python-telegram-bot,28335
nginx/nginx,28333
casey/just,28293
ashishpatel26/500-AI-Machine-learning-Deep-learning-Computer-vision-NLP-Projects-with-code,28289
digitalocean/nginxconfig.io,28273
zhiwehu/Python-programming-exercises,28271
swagger-api/swagger-ui,28269
JaidedAI/EasyOCR,28232
caolan/async,28218
alibaba/druid,28204
